{"cameraMode":{"drawMode":0,"name":"Shaded","section":"Shading Mode"},"sceneLighting":true,"audioPlay":false,"sceneViewState":{"showFog":false,"showMaterialUpdate":false,"showSkybox":false,"showFlares":false,"showImageEffects":false,"showParticleSystems":false},"in2DMode":false,"pivot":{"x":6.839425563812256,"y":8.436861038208008,"z":4.583038330078125},"rotation":{"x":-0.1808454543352127,"y":0.21262717247009278,"z":-0.04007918760180473,"w":-0.959415078163147},"size":7.89736270904541,"orthographic":false}