{"cameraMode":{"drawMode":0,"name":"Shaded","section":"Shading Mode"},"sceneLighting":true,"audioPlay":false,"sceneViewState":{"showFog":false,"showMaterialUpdate":false,"showSkybox":false,"showFlares":false,"showImageEffects":false,"showParticleSystems":false},"in2DMode":false,"pivot":{"x":-23.741947174072267,"y":-5.282931327819824,"z":27.58677864074707},"rotation":{"x":-0.10941138863563538,"y":0.3819050192832947,"z":-0.04559918865561485,"w":-0.916597306728363},"size":19.287702560424806,"orthographic":false}