{"cameraMode":{"drawMode":0,"name":"Shaded","section":"Shading Mode"},"sceneLighting":true,"audioPlay":false,"sceneViewState":{"showFog":true,"showMaterialUpdate":true,"showSkybox":true,"showFlares":true,"showImageEffects":true,"showParticleSystems":true},"in2DMode":false,"pivot":{"x":-5.556528568267822,"y":-3.635019063949585,"z":-3.8638381958007814},"rotation":{"x":-0.09839799255132675,"y":0.8511860370635986,"z":-0.1723751276731491,"w":-0.48588746786117556},"size":10.0,"orthographic":false}