{"cameraMode":{"drawMode":0,"name":"Shaded","section":"Shading Mode"},"sceneLighting":true,"audioPlay":false,"sceneViewState":{"showFog":true,"showMaterialUpdate":true,"showSkybox":true,"showFlares":true,"showImageEffects":true,"showParticleSystems":true},"in2DMode":false,"pivot":{"x":1.7980518341064454,"y":2.0892527103424074,"z":0.8052043914794922},"rotation":{"x":0.1487267166376114,"y":-0.8144043684005737,"z":0.23860064148902894,"w":0.5076428055763245},"size":2.9619500637054445,"orthographic":false}