{"cameraMode":{"drawMode":0,"name":"Shaded","section":"Shading Mode"},"sceneLighting":true,"audioPlay":false,"sceneViewState":{"showFog":true,"showMaterialUpdate":true,"showSkybox":true,"showFlares":true,"showImageEffects":true,"showParticleSystems":true},"in2DMode":false,"pivot":{"x":0.5610585808753967,"y":1.7941402196884156,"z":-0.5730512738227844},"rotation":{"x":0.07549551874399185,"y":-0.9053806066513062,"z":0.18164493143558503,"w":0.37629276514053347},"size":2.9486212730407717,"orthographic":false}