{"cameraMode":{"drawMode":0,"name":"Shaded","section":"Shading Mode"},"sceneLighting":true,"audioPlay":false,"sceneViewState":{"showFog":true,"showMaterialUpdate":true,"showSkybox":true,"showFlares":true,"showImageEffects":true,"showParticleSystems":true},"in2DMode":false,"pivot":{"x":-2.9710311889648439,"y":1.4790940284729005,"z":-0.1978299617767334},"rotation":{"x":0.07632440328598023,"y":-0.8544040322303772,"z":0.1312270164489746,"w":0.49693942070007326},"size":7.712828159332275,"orthographic":false}