{"cameraMode":{"drawMode":0,"name":"Shaded","section":"Shading Mode"},"sceneLighting":true,"audioPlay":false,"sceneViewState":{"showFog":true,"showMaterialUpdate":true,"showSkybox":true,"showFlares":true,"showImageEffects":true,"showParticleSystems":true},"in2DMode":false,"pivot":{"x":3.98984694480896,"y":0.8667197227478027,"z":6.382667541503906},"rotation":{"x":0.2448980212211609,"y":0.02530325949192047,"z":-0.006393997464329004,"w":0.9691997766494751},"size":8.335386276245118,"orthographic":false}