{"cameraMode":{"drawMode":0,"name":"Shaded","section":"Shading Mode"},"sceneLighting":true,"audioPlay":false,"sceneViewState":{"showFog":true,"showMaterialUpdate":true,"showSkybox":true,"showFlares":true,"showImageEffects":true,"showParticleSystems":true},"in2DMode":false,"pivot":{"x":-2.901064872741699,"y":1.9425361156463624,"z":-2.1788859367370607},"rotation":{"x":0.03834826871752739,"y":-0.9547135233879089,"z":0.14136193692684174,"w":0.2589874863624573},"size":2.9486212730407717,"orthographic":false}