{"cameraMode":{"drawMode":0,"name":"Shaded","section":"Shading Mode"},"sceneLighting":true,"audioPlay":false,"sceneViewState":{"showFog":true,"showMaterialUpdate":false,"showSkybox":true,"showFlares":true,"showImageEffects":true,"showParticleSystems":true},"in2DMode":false,"pivot":{"x":21.662494659423829,"y":15.722412109375,"z":35.190528869628909},"rotation":{"x":-0.0009675947949290276,"y":0.9922672510147095,"z":-0.007749269716441631,"w":-0.1238761618733406},"size":10.300000190734864,"orthographic":false}