{"cameraMode":{"drawMode":0,"name":"Shaded","section":"Shading Mode"},"sceneLighting":false,"audioPlay":false,"sceneViewState":{"showFog":true,"showMaterialUpdate":false,"showSkybox":false,"showFlares":true,"showImageEffects":true,"showParticleSystems":true},"in2DMode":false,"pivot":{"x":0.11093957722187042,"y":0.30895766615867617,"z":0.11409294605255127},"rotation":{"x":0.2737533152103424,"y":0.438005656003952,"z":-0.14199741184711457,"w":0.8444209098815918},"size":0.9516968131065369,"orthographic":false}