{"cameraMode":{"drawMode":0,"name":"Shaded","section":"Shading Mode"},"sceneLighting":true,"audioPlay":false,"sceneViewState":{"showFog":true,"showMaterialUpdate":false,"showSkybox":true,"showFlares":true,"showImageEffects":true,"showParticleSystems":true},"in2DMode":false,"pivot":{"x":0.393672376871109,"y":0.781089186668396,"z":1.6084660291671754},"rotation":{"x":-0.0006322574336081743,"y":-0.9983949661254883,"z":-0.05546789616346359,"w":0.01138035487383604},"size":0.48493802547454836,"orthographic":false}