{"cameraMode":{"drawMode":0,"name":"Shaded","section":"Shading Mode"},"sceneLighting":false,"audioPlay":false,"sceneViewState":{"showFog":true,"showMaterialUpdate":false,"showSkybox":false,"showFlares":true,"showImageEffects":true,"showParticleSystems":true},"in2DMode":false,"pivot":{"x":0.006005764007568359,"y":-0.00947636365890503,"z":-0.13638505339622498},"rotation":{"x":-0.0006322574336081743,"y":-0.9983949661254883,"z":-0.05546789616346359,"w":0.01138035487383604},"size":0.47917822003364565,"orthographic":false}