{"cameraMode":{"drawMode":0,"name":"Shaded","section":"Shading Mode"},"sceneLighting":true,"audioPlay":false,"sceneViewState":{"showFog":true,"showMaterialUpdate":false,"showSkybox":true,"showFlares":true,"showImageEffects":true,"showParticleSystems":true},"in2DMode":false,"pivot":{"x":-0.33938753604888918,"y":0.9023007750511169,"z":0.19140636920928956},"rotation":{"x":-0.004197485279291868,"y":-0.9897143244743347,"z":-0.029700348153710367,"w":0.13987433910369874},"size":0.48493802547454836,"orthographic":false}