{"cameraMode":{"drawMode":0,"name":"Shaded","section":"Shading Mode"},"sceneLighting":true,"audioPlay":false,"sceneViewState":{"showFog":true,"showMaterialUpdate":true,"showSkybox":true,"showFlares":true,"showImageEffects":true,"showParticleSystems":true},"in2DMode":false,"pivot":{"x":1.879135012626648,"y":6.0679931640625,"z":-2.8317699432373049},"rotation":{"x":-0.0058620525524020199,"y":0.21314480900764466,"z":-0.0012787064770236612,"w":-0.9770020842552185},"size":0.856875479221344,"orthographic":false}