{"cameraMode":{"drawMode":0,"name":"Shaded","section":"Shading Mode"},"sceneLighting":true,"audioPlay":false,"sceneViewState":{"showFog":true,"showMaterialUpdate":true,"showSkybox":true,"showFlares":true,"showImageEffects":true,"showParticleSystems":true},"in2DMode":false,"pivot":{"x":-0.5068323612213135,"y":-0.2895340919494629,"z":-0.10244276374578476},"rotation":{"x":-0.12897461652755738,"y":0.8162912130355835,"z":-0.20002801716327668,"w":-0.5263305306434631},"size":4.693120956420898,"orthographic":false}