{"cameraMode":{"drawMode":0,"name":"Shaded","section":"Shading Mode"},"sceneLighting":true,"audioPlay":false,"sceneViewState":{"showFog":true,"showMaterialUpdate":true,"showSkybox":true,"showFlares":true,"showImageEffects":true,"showParticleSystems":true},"in2DMode":false,"pivot":{"x":-5.646229267120361,"y":6.666192054748535,"z":11.114734649658204},"rotation":{"x":0.12827272713184358,"y":0.7232097387313843,"z":-0.13969534635543824,"w":0.6640803813934326},"size":0.45011603832244875,"orthographic":false}