{"cameraMode":{"drawMode":0,"name":"Shaded","section":"Shading Mode"},"sceneLighting":true,"audioPlay":false,"sceneViewState":{"showFog":true,"showMaterialUpdate":true,"showSkybox":true,"showFlares":true,"showImageEffects":true,"showParticleSystems":true},"in2DMode":false,"pivot":{"x":-2.184451103210449,"y":2.074967384338379,"z":1.8326120376586915},"rotation":{"x":-0.04509240388870239,"y":0.8670216202735901,"z":-0.07982495427131653,"w":-0.48976680636405947},"size":4.412364482879639,"orthographic":false}