{"cameraMode":{"drawMode":0,"name":"Shaded","section":"Shading Mode"},"sceneLighting":true,"audioPlay":false,"sceneViewState":{"showFog":true,"showMaterialUpdate":true,"showSkybox":true,"showFlares":true,"showImageEffects":true,"showParticleSystems":true},"in2DMode":false,"pivot":{"x":-2.250579357147217,"y":12.409832954406739,"z":-2.6363894939422609},"rotation":{"x":-0.2258332371711731,"y":-0.04061240702867508,"z":0.009423582814633847,"w":-0.9732738733291626},"size":3.866424560546875,"orthographic":false}