{"cameraMode":{"drawMode":0,"name":"Shaded","section":"Shading Mode"},"sceneLighting":true,"audioPlay":false,"sceneViewState":{"showFog":true,"showMaterialUpdate":true,"showSkybox":true,"showFlares":true,"showImageEffects":true,"showParticleSystems":true},"in2DMode":false,"pivot":{"x":6.091433525085449,"y":0.41327476501464846,"z":13.21578311920166},"rotation":{"x":0.17593541741371156,"y":0.5669063925743103,"z":-0.12546899914741517,"w":0.7949373126029968},"size":10.0,"orthographic":false}