{"cameraMode":{"drawMode":0,"name":"Shaded","section":"Shading Mode"},"sceneLighting":true,"audioPlay":false,"sceneViewState":{"showFog":true,"showMaterialUpdate":true,"showSkybox":true,"showFlares":true,"showImageEffects":true,"showParticleSystems":true},"in2DMode":false,"pivot":{"x":-1.917238712310791,"y":2.0749664306640627,"z":1.4165387153625489},"rotation":{"x":-0.04279940947890282,"y":0.8806260824203491,"z":-0.08107752352952957,"w":-0.46486133337020876},"size":4.412364482879639,"orthographic":false}