{"cameraMode":{"drawMode":0,"name":"Shaded","section":"Shading Mode"},"sceneLighting":true,"audioPlay":false,"sceneViewState":{"showFog":true,"showMaterialUpdate":true,"showSkybox":true,"showFlares":true,"showImageEffects":true,"showParticleSystems":true},"in2DMode":false,"pivot":{"x":9.668124198913575,"y":-1.9498257637023926,"z":10.492337226867676},"rotation":{"x":0.14157074689865113,"y":0.7059549689292908,"z":-0.1473798006772995,"w":0.678135871887207},"size":10.0,"orthographic":false}