{"cameraMode":{"drawMode":0,"name":"Shaded","section":"Shading Mode"},"sceneLighting":true,"audioPlay":false,"sceneViewState":{"showFog":false,"showMaterialUpdate":false,"showSkybox":false,"showFlares":false,"showImageEffects":false,"showParticleSystems":false},"in2DMode":false,"pivot":{"x":5.654578685760498,"y":9.01453971862793,"z":0.4016460180282593},"rotation":{"x":-0.17576247453689576,"y":0.28682002425193789,"z":-0.053618818521499637,"w":-0.9401947855949402},"size":1.032397747039795,"orthographic":false}