{"cameraMode":{"drawMode":0,"name":"Shaded","section":"Shading Mode"},"sceneLighting":true,"audioPlay":false,"sceneViewState":{"showFog":false,"showMaterialUpdate":false,"showSkybox":false,"showFlares":false,"showImageEffects":false,"showParticleSystems":false},"in2DMode":false,"pivot":{"x":5.970785140991211,"y":9.072627067565918,"z":0.5971760749816895},"rotation":{"x":-0.1656225472688675,"y":0.19590513408184052,"z":-0.03358987346291542,"w":-0.9659514427185059},"size":1.032397747039795,"orthographic":false}