{"cameraMode":{"drawMode":0,"name":"Shaded","section":"Shading Mode"},"sceneLighting":true,"audioPlay":false,"sceneViewState":{"showFog":false,"showMaterialUpdate":false,"showSkybox":false,"showFlares":false,"showImageEffects":false,"showParticleSystems":false},"in2DMode":false,"pivot":{"x":5.163963794708252,"y":9.084320068359375,"z":-0.031374573707580569},"rotation":{"x":-0.14836296439170838,"y":0.4427240490913391,"z":-0.07454318553209305,"w":-0.8811507821083069},"size":1.032397747039795,"orthographic":false}