{"cameraMode":{"drawMode":0,"name":"Shaded","section":"Shading Mode"},"sceneLighting":false,"audioPlay":false,"sceneViewState":{"showFog":false,"showMaterialUpdate":false,"showSkybox":false,"showFlares":false,"showImageEffects":false,"showParticleSystems":false},"in2DMode":false,"pivot":{"x":2.7579660415649416,"y":3.4300003051757814,"z":10.558331489562989},"rotation":{"x":-0.17576247453689576,"y":0.28682002425193789,"z":-0.053618818521499637,"w":-0.9401947855949402},"size":3.431178331375122,"orthographic":false}